PolicyExecTime,EnvExecTime,ProcessExecTime,OriginalTaskAverageReturn,IRLAverageEnergy,IRLAverageLogQtau,IRLMedianLogQtau,IRLAverageExpertEnergy,IRLAverageExpertLogQtau,IRLMedianExpertLogQtau,IRLLoss,Iteration,AverageDiscountedReturn,AverageReturn,ExplainedVariance,NumTrajs,Entropy,Perplexity,StdReturn,MaxReturn,MinReturn,AveragePolicyStd,LossBefore,LossAfter,MeanKLBefore,MeanKL,dLoss,Time,ItrTime
0.09603643417358398,0.05198073387145996,0.009029626846313477,-3546.5032001925447,5.321811,-2.848109,-2.5224583,3.9021206,-144.38802,-20.763851,0.8038516,0,-306.22868110948144,-484.28480022603816,1.028510610012745e-12,11,2.8378766,17.07946,160.41680058284368,-4.366798400878906,-598.478175163269,1.0,-0.28378766775131226,-0.31717419624328613,0.0,0.00719066709280014,0.03338652849197388,3.494001865386963,3.494001865386963
0.0549015998840332,0.05205941200256348,0.0039980411529541016,267.5533378259258,5.993257,-2.8172061,-2.472219,0.9592728,-143.93483,-20.454908,0.19409032,1,-389.7400109976094,-599.3256916284561,0.7875050856376955,10,2.8429122,17.165682,23.855889782719885,-541.0263729095459,-632.2751421928406,1.002522,-0.2842913269996643,-0.3039378225803375,0.0,0.008857252076268196,0.019646495580673218,4.8890016078948975,1.1049981117248535
0.03904318809509277,0.05995035171508789,0.007993698120117188,-8603.385676376533,7.2322164,-2.8453524,-2.5516417,-1.0668446,-143.12883,-20.702274,0.09347457,2,-463.4821174196353,-723.2216401338577,0.8296540946611752,10,2.8454297,17.208952,111.52559760489181,-492.4451467990875,-862.342122554779,1.0037842,-0.28454306721687317,-0.3105066120624542,0.0,0.007048237137496471,0.025963544845581055,6.327000141143799,1.159999132156372
0.12401866912841797,0.04900360107421875,0.006009340286254883,-2822.5651345976867,7.2901034,-2.8488126,-2.4884298,-1.8220689,-141.71698,-20.743227,0.079987995,3,-477.0827742982648,-729.0103402018547,0.6159286771955519,10,2.8462512,17.223095,114.92156180885934,-542.5257035493851,-922.2984638214111,1.004217,-0.2846250534057617,-0.3108322024345398,0.0,0.00810872483998537,0.026207149028778076,7.789999961853027,1.1580007076263428
0.09801888465881348,0.10299015045166016,0.00700068473815918,-230.38721163510075,7.8932986,-2.8439457,-2.556822,-2.587312,-142.19371,-20.535847,0.056847297,4,-523.194545629031,-789.3299180984498,0.9595057326464409,10,2.8450084,17.201702,93.78899743184476,-647.6582832336426,-929.7979969978333,1.0035828,-0.2845008373260498,-0.3087407350540161,0.0,0.00931828934699297,0.02423989772796631,9.285999059677124,1.1869995594024658
0.048017024993896484,0.04598379135131836,0.007999897003173828,-8963.137366933497,9.208768,-2.866574,-2.5540175,-4.429193,-147.11598,-21.058395,0.028272392,5,-586.3275611553347,-920.8766912460327,0.909573283972275,10,2.8352144,17.034052,75.28417456586367,-803.0241799354553,-1033.3181200027466,0.99870384,-0.2835214138031006,-0.3067171573638916,0.0,0.008107759989798069,0.023195743560791016,10.687999963760376,1.0999987125396729
0.051033735275268555,0.06996726989746094,0.005001068115234375,-4420.414896516789,8.864217,-2.9270158,-2.604783,-4.0009933,-146.04393,-21.278992,0.04395443,6,-577.1885988206728,-886.4216790437698,0.9506779857966278,10,2.8406522,17.126932,100.18945294541386,-717.8596951961517,-1045.2618608474731,1.0014073,-0.28406524658203125,-0.32422733306884766,0.0,0.0081338407471776,0.040162086486816406,12.370018482208252,1.3830146789550781
0.04290032386779785,0.05209207534790039,0.006009578704833984,-4669.431540448224,9.15401,-2.8985677,-2.5985274,-4.564304,-141.74065,-21.003672,0.028938344,7,-590.0834067361724,-915.4010190010071,0.9551721589957691,10,2.8667605,17.579975,162.1889039022461,-700.2861762046814,-1142.8836312294006,1.0145518,-0.2866760790348053,-0.30491167306900024,0.0,0.007099098991602659,0.018235594034194946,13.692998886108398,1.0889995098114014
0.03802037239074707,0.04998946189880371,0.003997087478637695,-2818.70970343958,9.236075,-2.852983,-2.5708468,-4.3711467,-141.46947,-20.615532,0.037968226,8,-597.0653660833499,-923.6075216770172,0.8728879912965121,10,2.8655503,17.558712,151.3284855335412,-618.7011168003082,-1128.5607109069824,1.0139368,-0.2865549921989441,-0.3086841106414795,0.0,0.007190464064478874,0.0221291184425354,15.085999727249146,1.070997714996338
0.03997993469238281,0.05003166198730469,0.0030090808868408203,-2621.7049492614724,9.166718,-2.7580967,-2.4672341,-4.4250083,-145.8553,-20.78426,0.041480444,9,-597.8498048869983,-916.6717554569244,0.7675839417925276,10,2.8336444,17.00733,144.5260361655991,-583.8430571556091,-1106.293390750885,0.9978928,-0.2833644151687622,-0.31228888034820557,0.0,0.008943935856223106,0.02892446517944336,16.475998640060425,1.0969982147216797
0.04598546028137207,0.05700206756591797,0.00900125503540039,-3051.8952880427105,9.1278515,-2.8087177,-2.4819844,-5.505853,-146.5354,-20.727404,0.030640919,10,-592.0978530944951,-912.7851285457612,0.9013534995137663,10,2.8208275,16.79074,115.57707602135432,-691.1662049293518,-1075.937373161316,0.99151146,-0.28208276629447937,-0.3027702271938324,0.0,0.008959885686635971,0.020687460899353027,17.90499973297119,1.10599946975708
0.03896975517272949,0.05402946472167969,0.005013465881347656,-2362.815700748943,9.526676,-2.793158,-2.429766,-5.91415,-144.56819,-20.766747,0.02228111,11,-569.7739540791218,-866.9276094870133,0.9079830603595631,11,2.8139455,16.675583,320.28585237906765,-8.076044082641602,-1214.2706928253174,0.9881693,-0.28139451146125793,-0.30298349261283875,0.0,0.008050169795751572,0.02158898115158081,19.27199935913086,1.0740001201629639
0.047977447509765625,0.04902195930480957,0.005996227264404297,-2786.5731480742197,10.173593,-2.8683937,-2.5351915,-6.245861,-146.36107,-21.237368,0.024652371,12,-550.7281964243139,-849.4950191577276,0.7480483368802366,12,2.8180046,16.743408,408.5274452253191,-7.975095272064209,-1262.2734327316284,0.99011964,-0.28180041909217834,-0.30173835158348083,0.0,0.009990778751671314,0.01993793249130249,20.661999464035034,1.074000358581543
0.042995452880859375,0.04993939399719238,0.009001493453979492,-5928.981686760245,9.997576,-2.7643008,-2.4248528,-6.148738,-148.5283,-21.780066,0.020885052,13,-636.7176968684623,-999.7576964855194,0.8761418166140158,10,2.7820675,16.152382,114.82215676840384,-736.1926212310791,-1113.9887313842773,0.9725946,-0.27820679545402527,-0.29927685856819153,0.0,0.007320246659219265,0.02107006311416626,22.063003063201904,1.1300032138824463
0.0420079231262207,0.05098700523376465,0.0069942474365234375,-3344.5421373436393,9.6544285,-2.7155437,-2.4489927,-7.6179357,-145.98909,-21.06933,0.013735677,14,-619.7212921696407,-965.4429167270661,0.8555107842972663,10,2.781113,16.13697,88.92889748937732,-859.3274383544922,-1142.5429286956787,0.97227526,-0.2781113088130951,-0.2997521460056305,0.0,0.009857721626758575,0.0216408371925354,23.4689998626709,1.0859980583190918
0.05194258689880371,0.05005812644958496,0.006021022796630859,-3028.121267302163,10.388888,-2.7680185,-2.4882975,-7.0735326,-140.80948,-20.509577,0.01568278,15,-666.8322533171474,-1038.8888602018355,0.949111781749046,10,2.7819278,16.150126,177.95619350844882,-772.3059272766113,-1354.3652629852295,0.9732533,-0.2781926989555359,-0.29958242177963257,0.0,0.006461488548666239,0.02138972282409668,24.851999044418335,1.1089966297149658
0.0390167236328125,0.05695176124572754,0.006998538970947266,-6865.122996505018,11.500565,-2.8108706,-2.4690824,-7.6315413,-142.29141,-20.426477,0.013097951,16,-735.807131440772,-1150.0565591335296,0.7898448678690235,10,2.7784731,16.094429,164.25118055235967,-891.0069723129272,-1406.5987462997437,0.97139305,-0.2778472900390625,-0.30653128027915955,0.0,0.0067336177453398705,0.028683990240097046,26.282999515533447,1.13899564743042
0.05800318717956543,0.047963857650756836,0.007017612457275391,-3752.0812960790618,10.552898,-2.7995725,-2.4452713,-8.640386,-144.80414,-20.899544,0.008382793,17,-690.5441058872874,-1055.2898597240448,0.743691434730349,10,2.782696,16.162537,152.18480434788336,-784.0810079574585,-1348.0911417007446,0.97312236,-0.27826955914497375,-0.30544325709342957,0.0,0.009916424751281738,0.02717369794845581,27.66899847984314,1.1019976139068604
0.04595041275024414,0.052039384841918945,0.004991769790649414,-9108.548302499947,11.557474,-2.8289878,-2.5141768,-7.5004196,-148.69629,-21.068863,0.009518912,18,-727.2503893579371,-1155.7475591659545,0.7170661473259907,10,2.7882617,16.252743,240.49261439531028,-746.9969148635864,-1547.5898904800415,0.9755388,-0.2788262367248535,-0.29973164200782776,0.0,0.007387655321508646,0.020905405282974243,29.180999755859375,1.1799957752227783
0.044003963470458984,0.05797219276428223,0.006005525588989258,-6503.447484483047,10.628651,-2.7791734,-2.511694,-9.288607,-148.7465,-20.841839,0.010299013,19,-677.4247967484002,-1062.865019464493,0.8094701346420412,10,2.7885132,16.25683,177.90974434676258,-724.4961452484131,-1298.6756238937378,0.9756532,-0.2788512706756592,-0.3016767203807831,0.0,0.006726415362209082,0.0228254497051239,30.632999658584595,1.1419987678527832
0.04799675941467285,0.05699968338012695,0.006998538970947266,-6575.057064811631,12.118053,-2.8053374,-2.4989426,-7.3966165,-147.91277,-20.99207,0.014832215,20,-766.3046296926325,-1211.8053365707397,0.76505011466331,10,2.7783546,16.092522,272.1732678762098,-769.6213793754578,-1615.0625085830688,0.9708184,-0.2778354585170746,-0.30608510971069336,0.0,0.006816578097641468,0.028249651193618774,32.11200022697449,1.1669998168945312
0.051969289779663086,0.04109644889831543,0.010016202926635742,-1098.2317949205658,10.107819,-2.78765,-2.4813638,-9.093378,-146.26646,-20.798878,0.012921453,21,-669.2340651773799,-1010.7818512439728,0.034489605179015004,10,2.7877414,16.24429,108.76637791467516,-811.6000361442566,-1168.1508522033691,0.9754005,-0.27877411246299744,-0.31171882152557373,0.0,0.00867528934031725,0.032944709062576294,33.51899981498718,1.1150004863739014
0.04692411422729492,0.04305458068847656,0.006018638610839844,-3719.451435314387,10.49754,-2.784522,-2.5165305,-10.284884,-138.84612,-20.056808,0.006823129,22,-681.7324563955638,-1049.7540172100066,0.8577182412464839,10,2.8396163,17.1092,171.05668294052774,-713.7858934402466,-1399.7034463882446,1.001064,-0.2839616537094116,-0.3068932294845581,0.0,0.0073884017765522,0.022931575775146484,34.97099995613098,1.141995906829834
0.036005258560180664,0.06198906898498535,0.003997802734375,-3208.129338743194,11.326318,-2.831126,-2.5200038,-11.066595,-142.55275,-20.744337,0.0058820713,23,-727.3590935265363,-1132.6317213535308,0.17112679649214713,10,2.8200872,16.778313,187.54909511251816,-867.0283741950989,-1522.5291357040405,0.99128777,-0.28200867772102356,-0.31534242630004883,0.0,0.00996370892971754,0.03333374857902527,36.434999227523804,1.1519994735717773
0.044962167739868164,0.0660562515258789,0.005996227264404297,-864.601321027392,12.078216,-2.854994,-2.5566487,-10.129325,-141.30528,-20.807245,0.007430424,24,-774.045381619553,-1207.8216047763824,0.845996739080453,10,2.8253644,16.86709,139.97085728535015,-903.5572056770325,-1417.1258192062378,0.99395084,-0.2825365364551544,-0.3122696578502655,0.0,0.006806126795709133,0.029733121395111084,37.93799948692322,1.1930007934570312
0.03898477554321289,0.05399775505065918,0.0020003318786621094,-7106.323279539446,11.892307,-2.8398285,-2.5706882,-11.183633,-139.76073,-20.524323,0.013331706,25,-671.3533851607285,-1082.199904311787,0.8083887539853845,11,2.830274,16.950106,409.7249226546163,-13.376423835754395,-1721.2041063308716,0.9964631,-0.2830275297164917,-0.3350256681442261,0.0,0.007662578951567411,0.051998138427734375,39.359999656677246,1.1020002365112305
0.03592205047607422,0.05208849906921387,0.008991718292236328,-6059.895659630759,12.738995,-2.8901968,-2.5672727,-10.205467,-137.33215,-20.544302,0.009194188,26,-801.6397592251463,-1273.8993909358978,0.654134099721122,10,2.8468997,17.234268,237.34879143298778,-964.1262807846069,-1686.8965797424316,1.004828,-0.2846899628639221,-0.3160092830657959,0.0,0.006849147845059633,0.03131932020187378,40.78999900817871,1.1429946422576904
0.056996822357177734,0.0570063591003418,0.005999565124511719,-1957.2303596894685,11.394779,-2.8684886,-2.5401912,-12.677666,-140.10822,-21.04157,0.0063018124,27,-727.547774784932,-1139.4778861045838,0.6918872999435326,10,2.8619156,17.495008,172.22016040375343,-815.7773027420044,-1388.4349575042725,1.0121202,-0.28619152307510376,-0.3153690695762634,0.0,0.006620719097554684,0.029177546501159668,42.24300026893616,1.1469993591308594
0.0520172119140625,0.05296897888183594,0.007001161575317383,-5421.236459206361,10.65111,-2.8433878,-2.5268614,-13.05621,-138.47906,-20.912062,0.010284381,28,-679.7503259289866,-1065.1109629631042,0.425017505268924,10,2.859127,17.446291,165.87444707094193,-836.0596590042114,-1337.875117778778,1.0107994,-0.2859126031398773,-0.30435144901275635,0.0,0.007804736960679293,0.01843884587287903,43.714000940322876,1.1520028114318848
0.04088783264160156,0.050078392028808594,0.008031845092773438,-4931.449939378911,11.942856,-2.8666172,-2.5701494,-11.690512,-141.4722,-21.287834,0.010166197,29,-759.2444320474901,-1194.285574388504,0.2936703185605227,10,2.8417256,17.145327,173.4396475149137,-952.5680785179138,-1487.0381288528442,1.0020137,-0.28417259454727173,-0.3116854727268219,0.0,0.008506523445248604,0.02751287817955017,45.073999643325806,1.063995361328125
0.055966854095458984,0.04999184608459473,0.007990598678588867,-6166.968592407388,12.047601,-2.8598824,-2.5333152,-13.155661,-137.92914,-21.393171,0.0061047603,30,-759.3149479960615,-1204.7600069522857,0.6548692254488495,10,2.8583791,17.433247,270.7811915343197,-770.4788827896118,-1726.7658729553223,1.0105004,-0.28583788871765137,-0.31297945976257324,0.0,0.007424760609865189,0.027141571044921875,46.456000089645386,1.1059989929199219
0.05102396011352539,0.04298901557922363,0.00799107551574707,-2225.8658539338485,11.800682,-2.8852003,-2.57279,-13.662537,-142.79144,-22.218422,0.006150209,31,-759.0600534994974,-1180.0682002544404,-1.3168754248368044,10,2.8531098,17.341627,192.77525628015272,-789.2511959075928,-1420.1445035934448,1.0076634,-0.2853109538555145,-0.3114336431026459,0.0,0.007784720044583082,0.026122689247131348,47.817999839782715,1.0909984111785889
0.036972761154174805,0.05303692817687988,0.004996061325073242,-5793.161247388132,11.953323,-2.9426937,-2.633949,-13.272627,-142.75237,-22.090904,0.019014018,32,-765.8157024283564,-1195.3323009490966,0.01057604531371703,10,2.8577838,17.42287,215.52352368139958,-784.2667288780212,-1594.1634197235107,1.010008,-0.28577837347984314,-0.3176777958869934,0.0,0.008898857049643993,0.03189942240715027,49.2020001411438,1.0690009593963623
0.04296755790710449,0.054991960525512695,0.005003452301025391,-615.2610655499409,11.947529,-2.911362,-2.5918746,-13.580227,-142.49796,-21.37281,0.008272574,33,-757.1896174315573,-1194.752909374237,0.5814648519260444,10,2.852226,17.326307,197.81880074175265,-964.2088088989258,-1671.9463863372803,1.0072091,-0.28522253036499023,-0.30985596776008606,0.0,0.00974565651267767,0.024633437395095825,50.57599949836731,1.0829999446868896
0.05196738243103027,0.03904294967651367,0.0040132999420166016,-4592.0651786185645,12.199845,-2.883432,-2.551352,-14.994964,-137.74355,-20.405703,0.008130571,34,-709.852271004648,-1110.1858406066895,0.5082631136359421,11,2.8789449,17.795486,394.15763060405294,-10.063323020935059,-1538.0789976119995,1.020769,-0.2878945767879486,-0.3094733655452728,0.0,0.006738032680004835,0.02157878875732422,51.9520001411438,1.0759997367858887
0.05197715759277344,0.048007965087890625,0.012006044387817383,-1005.3862793112377,11.0315,-2.9212654,-2.596383,-16.481613,-136.95184,-19.847458,0.004702841,35,-639.1055339336041,-1003.8665012879806,0.7395444105904695,11,2.8841462,17.888288,348.0786714994815,-13.171640396118164,-1328.6011610031128,1.0234144,-0.2884146571159363,-0.31255537271499634,0.0,0.0069292280822992325,0.02414071559906006,53.33599781990051,1.1159963607788086
0.04495096206665039,0.04400181770324707,0.01001739501953125,-4856.467244497512,13.300084,-2.88494,-2.5741696,-15.4567375,-140.75989,-20.094297,0.0052022357,36,-835.5087110631866,-1330.0083564281463,0.16613274904630382,10,2.8708994,17.65289,398.6744191220956,-888.7833728790283,-2014.3481016159058,1.0166552,-0.28709009289741516,-0.31242629885673523,0.0,0.007326100487262011,0.02533620595932007,54.70800042152405,1.0739953517913818
0.04296231269836426,0.0509951114654541,0.004000186920166016,-4357.836885685327,12.712441,-2.8399928,-2.537509,-15.39025,-141.79953,-20.579342,0.0034675386,37,-807.0786725577944,-1271.2441730499268,0.6065998610404915,10,2.8670654,17.585337,313.5017698133534,-760.9387316703796,-1779.2699098587036,1.0147104,-0.2867065370082855,-0.309758722782135,0.0,0.009796873666346073,0.023052185773849487,56.0620002746582,1.0810012817382812
0.042061805725097656,0.05195975303649902,0.004995584487915039,-3769.7876013406617,13.242915,-2.8596916,-2.560952,-13.601849,-142.7184,-20.760399,0.012140321,38,-835.1828321829405,-1324.2914740800857,0.6517118669473918,10,2.8566206,17.402617,274.9420145212038,-790.461240530014,-1970.0111827850342,1.0094178,-0.28566205501556396,-0.3056407868862152,0.0,0.007310033775866032,0.019978731870651245,57.44899868965149,1.0859944820404053
0.041960954666137695,0.04699587821960449,0.007010459899902344,-6039.641101819159,12.985206,-2.8363578,-2.5252676,-15.765637,-139.64273,-20.294128,0.0022996052,39,-813.8924011445572,-1298.520592021942,0.8592030933456929,10,2.8659475,17.56569,343.00895564564195,-846.5637893676758,-1973.4922971725464,1.0141416,-0.2865947186946869,-0.31097131967544556,0.0,0.007770246360450983,0.024376600980758667,58.810999393463135,1.0550017356872559
0.04193115234375,0.05199551582336426,0.00502777099609375,-4726.221743901062,13.578183,-2.8419125,-2.5481741,-15.8158655,-144.33328,-21.128244,0.005261357,40,-859.0369521827952,-1357.8182728767395,0.6815383952518761,10,2.8486521,17.264496,370.74647699968165,-824.8772397041321,-1953.7538061141968,1.005407,-0.28486523032188416,-0.3020956516265869,0.0,0.00695867370814085,0.01723042130470276,60.18499970436096,1.0659949779510498
0.05492854118347168,0.04806947708129883,0.003999948501586914,-6469.105904790929,13.537773,-2.8459752,-2.55935,-15.573156,-150.24397,-21.982756,0.0024619487,41,-838.1510371846653,-1353.777358341217,0.07860838777369339,10,2.8165603,16.719242,281.2327266743976,-881.8745183944702,-1821.7376794815063,0.98942614,-0.2816561162471771,-0.307801753282547,0.0,0.009768793359398842,0.026145637035369873,61.54899978637695,1.0739986896514893
0.06099224090576172,0.04998612403869629,0.004995584487915039,-3138.827564822854,13.819761,-2.826211,-2.5240376,-15.265257,-149.22316,-21.201002,0.0022372184,42,-871.0536532750044,-1381.9762439727783,0.5714438260214827,10,2.8250337,16.861513,397.98420531109144,-844.1942758560181,-2235.361729621887,0.9936565,-0.28250330686569214,-0.30927759408950806,0.0,0.006963176652789116,0.026774287223815918,62.9189989566803,1.0849995613098145
0.045989036560058594,0.04197072982788086,0.005997419357299805,-3280.761166735826,13.120344,-2.805434,-2.4999328,-14.47475,-150.89906,-21.281717,0.0064309807,43,-822.5141929570891,-1312.0344843149185,0.21480506052107218,10,2.8334384,17.003826,378.4591681683169,-841.1631700992584,-2017.3131141662598,0.99800414,-0.28334376215934753,-0.30647486448287964,0.0,0.008570901118218899,0.023131102323532104,64.28299808502197,1.0929944515228271
0.040956974029541016,0.04502391815185547,0.00803828239440918,-2244.5751241553216,13.158128,-2.8678746,-2.5848987,-14.896655,-155.46495,-21.849636,0.0050202054,44,-834.4090756728212,-1315.8127804756164,-1.6656389737628237,10,2.8313904,16.969038,265.6874471998595,-878.0539917945862,-1791.3408031463623,0.99738383,-0.28313905000686646,-0.3110126852989197,0.0,0.006468756590038538,0.027873635292053223,65.66099977493286,1.068995475769043
0.041994333267211914,0.046972036361694336,0.0029969215393066406,-2259.6563335440555,13.995584,-2.8616421,-2.552335,-16.889967,-154.85017,-21.778833,0.010878336,45,-895.8889666236231,-1399.558472108841,0.6028781623323802,10,2.8445106,17.193142,349.81099304432115,-829.9732098579407,-1887.910852432251,1.004137,-0.28445106744766235,-0.3022511601448059,0.0,0.006620411761105061,0.017800092697143555,67.06699967384338,1.0879943370819092
0.04895377159118652,0.04601168632507324,0.00600886344909668,-4550.03449601309,14.390942,-2.838154,-2.5065117,-16.790422,-156.91306,-21.899714,0.003779244,46,-765.9616305501228,-1201.643650452296,0.46252224290116306,12,2.8310773,16.963726,630.162269261314,-6.731983184814453,-2247.2998065948486,0.99743044,-0.2831077575683594,-0.31073883175849915,0.0,0.00900926161557436,0.02763107419013977,68.41599941253662,1.068000078201294
0.04599928855895996,0.042038917541503906,0.00699162483215332,-4667.80576972005,12.761838,-2.8265898,-2.5658917,-16.218967,-162.02824,-22.710766,0.007410315,47,-814.9736508151677,-1276.1838661193847,0.3273220268612784,10,2.8349493,17.029535,329.26903947693364,-811.5661125183105,-2035.3867740631104,1.0001984,-0.2834948003292084,-0.3048397898674011,0.0,0.006944871507585049,0.02134498953819275,69.77900290489197,1.0539987087249756
0.0569300651550293,0.05107569694519043,0.0030012130737304688,-3768.9949942388325,13.8699045,-2.7961998,-2.528,-13.842078,-162.45824,-23.453362,0.007869892,48,-886.6783259356847,-1386.9904706954956,0.5309019338998762,10,2.8305678,16.955086,322.7395861403309,-925.2702970504761,-2067.200092315674,0.99784815,-0.2830568253993988,-0.30079185962677,0.0,0.006498571485280991,0.017735034227371216,71.15999913215637,1.0859951972961426
0.0450139045715332,0.047963619232177734,0.006981849670410156,-6214.737914539537,13.699732,-2.895042,-2.5621598,-15.776922,-161.77863,-23.374544,0.008193492,49,-862.3855207192073,-1369.973141694069,0.6939373545636298,10,2.8349571,17.02967,284.5708476054869,-774.5257084369659,-1826.9333000183105,1.0000305,-0.28349560499191284,-0.30918070673942566,0.0,0.008386405184864998,0.025685101747512817,72.57800006866455,1.1249995231628418
0.03500008583068848,0.05098247528076172,0.007999658584594727,-4252.777397815948,14.553701,-2.810794,-2.501329,-17.289038,-159.38966,-23.171562,0.002986726,50,-914.9827289440449,-1455.3701617240906,0.4608871033002483,10,2.8475342,17.245205,324.06411012601217,-1121.894157409668,-2185.1194257736206,1.0062618,-0.28475338220596313,-0.3078301250934601,0.0,0.006665201857686043,0.023076742887496948,73.93899965286255,1.065000057220459
0.034996747970581055,0.053983211517333984,0.006002664566040039,1478.9073099919185,12.702086,-2.7502174,-2.450698,-15.765719,-163.16377,-23.78147,0.0035671175,51,-817.4131322419955,-1270.2086531162263,0.5060565431577246,10,2.8261602,16.880518,205.70265468877818,-932.3828864097595,-1529.4336185455322,0.995615,-0.2826160192489624,-0.29709893465042114,0.0,0.0061682662926614285,0.01448291540145874,75.32699966430664,1.0799999237060547
0.04298710823059082,0.05198025703430176,0.00698089599609375,-4550.3258111622235,13.209391,-2.8334687,-2.5337653,-19.186098,-163.63078,-23.88266,0.0014153209,52,-837.7158155086179,-1320.9390856266023,0.6969844163353649,10,2.8275645,16.90424,213.7880301567649,-973.9170989990234,-1656.0975637435913,0.99639755,-0.282756507396698,-0.31646984815597534,0.0,0.007687932811677456,0.033713340759277344,76.73799991607666,1.0809988975524902
0.043967485427856445,0.049988746643066406,0.010995626449584961,-5463.072130488637,13.662102,-2.7955408,-2.5365727,-18.709734,-165.22119,-24.241104,0.0032534634,53,-856.0601208779174,-1366.2102010726928,0.8505293792488791,10,2.8205454,16.786003,315.92338023118185,-882.5692157745361,-1890.7024183273315,0.9929571,-0.2820545732975006,-0.3063395917415619,0.0,0.009684222750365734,0.02428501844406128,78.1639997959137,1.0889990329742432
0.04096722602844238,0.050978660583496094,0.004991769790649414,-6989.976868666656,15.955676,-2.8457036,-2.5373616,-19.643381,-159.98607,-23.542574,0.0037841033,54,-997.8928508483448,-1595.5674962043763,0.6710918129044838,10,2.8272471,16.898876,489.63487463928294,-997.2035398483276,-2474.650327682495,0.99564075,-0.28272461891174316,-0.30421191453933716,0.0,0.008188477717339993,0.021487295627593994,79.55600047111511,1.0779938697814941
0.037958621978759766,0.054987192153930664,0.0029973983764648438,-5462.850020523112,15.083008,-2.886618,-2.5893033,-21.987598,-159.72209,-23.97751,0.0009335398,55,-952.3773769787085,-1508.3008489608765,0.6290938155800598,10,2.8310814,16.963795,289.85084120963376,-1190.5759687423706,-2130.896438598633,0.9975281,-0.2831081449985504,-0.31834283471107483,0.0,0.008974258787930012,0.035234689712524414,80.93100166320801,1.0649988651275635
0.046016693115234375,0.042055368423461914,0.002988576889038086,-6906.419742530348,16.576878,-2.910595,-2.5884254,-17.59818,-143.74033,-21.92412,0.00406035,56,-1034.5468018751203,-1657.6876496315003,0.8910013290730083,10,2.8974328,18.127548,490.29439911599707,-897.496738910675,-2498.131284713745,1.0304823,-0.28974324464797974,-0.32571783661842346,0.0,0.009312408976256847,0.035974591970443726,82.29700016975403,1.072995901107788
0.04797029495239258,0.04300546646118164,0.006002664566040039,-4297.851262830514,14.446653,-2.918261,-2.575507,-15.722295,-144.56645,-22.311361,0.020993704,57,-828.453921426505,-1314.6454029950228,0.5299810692565314,11,2.8935776,18.057796,569.6521896660481,-12.863377571105957,-2131.1622200012207,1.0284729,-0.2893577516078949,-0.31994226574897766,0.0,0.006653187330812216,0.030584514141082764,83.67499947547913,1.0739986896514893
0.040018558502197266,0.06096076965332031,0.0059967041015625,-2164.0437273894645,13.795711,-2.9091134,-2.5826173,-17.879835,-149.75479,-22.977047,0.0038868033,58,-796.9181270769303,-1255.4096686189826,-0.20169673886721085,11,2.8774278,17.76851,477.55951048536167,-11.783843040466309,-2103.033281326294,1.0204797,-0.28774282336235046,-0.315457284450531,0.0,0.0069623589515686035,0.027714461088180542,85.05799913406372,1.0849976539611816
0.0479886531829834,0.04499483108520508,0.003991127014160156,-8094.073127590406,15.850862,-2.8980572,-2.6401649,-18.730661,-146.00829,-22.805294,0.0027871663,59,-978.514819576297,-1585.0861001968383,0.7616066230254132,10,2.9168706,18.483355,409.477249898702,-961.8740825653076,-2343.8540439605713,1.0410231,-0.29168701171875,-0.3130960166454315,0.0,0.008257097564637661,0.02140900492668152,86.42699980735779,1.088998794555664
0.045920610427856445,0.04404902458190918,0.005982398986816406,-5832.254325963413,15.795565,-2.9115973,-2.6411338,-18.123331,-147.55505,-23.030323,0.0038109245,60,-981.6186518831107,-1579.5564105987548,0.7208419825132668,10,2.9046664,18.259151,508.27552452866126,-1005.1171474456787,-2506.80144405365,1.0346465,-0.29046669602394104,-0.31464168429374695,0.0,0.00801205262541771,0.024174988269805908,87.79800057411194,1.0679960250854492
0.05295920372009277,0.04001951217651367,0.004999637603759766,-8487.677258393165,16.275396,-2.9617524,-2.6499143,-19.242102,-145.08545,-22.51888,0.0043007554,61,-1004.9033968302194,-1627.5396260738373,0.8041286420918168,10,2.9116578,18.387257,461.5541244883517,-944.2049474716187,-2550.3546237945557,1.0381021,-0.2911657392978668,-0.32029053568840027,0.0,0.009206624701619148,0.029124796390533447,89.15699982643127,1.067000389099121
0.0410008430480957,0.049981117248535156,0.0060002803802490234,-3840.4341022890853,14.986178,-2.934981,-2.6197867,-18.55228,-144.51613,-22.54951,0.012100902,62,-928.5667791952058,-1498.6178089618684,-0.5971931054167681,10,2.923401,18.604456,507.19990371227476,-907.8674039840698,-2338.5646409988403,1.0443381,-0.29234015941619873,-0.3213597238063812,0.0,0.00681693060323596,0.029019564390182495,90.52699995040894,1.0640003681182861
0.03794574737548828,0.054033756256103516,0.00500178337097168,-8803.656484967618,18.414299,-2.892122,-2.5814166,-18.670004,-143.77686,-22.089184,0.0003999148,63,-1130.9174014720766,-1841.4298071861267,-0.5167752784281483,10,2.922707,18.591549,430.2575576242957,-1099.9202127456665,-2408.18931388855,1.0439187,-0.29227080941200256,-0.31411227583885193,0.0,0.009666861034929752,0.021841466426849365,91.90400004386902,1.0629963874816895
0.03795814514160156,0.04899859428405762,0.004999637603759766,-6315.651010830134,16.266811,-2.916375,-2.5952578,-19.710186,-147.82831,-22.64243,0.001118756,64,-996.9261826548224,-1626.6811072349549,0.6439947636061578,10,2.9167833,18.481743,553.6740301490377,-986.9264698028564,-2502.639952659607,1.0412912,-0.29167845845222473,-0.3248012363910675,0.0,0.007234904449433088,0.03312277793884277,93.27300024032593,1.0729997158050537
0.03498125076293945,0.0529789924621582,0.009031057357788086,-2089.912621946469,13.715165,-2.9012222,-2.637137,-15.884622,-150.11076,-23.032742,0.011748258,65,-877.4791731482579,-1371.5165438652039,0.4094479990479609,10,2.9348452,18.81859,334.80716929556667,-876.611053943634,-1912.2086906433105,1.0516711,-0.29348450899124146,-0.3180748224258423,0.0,0.006706779357045889,0.02459031343460083,94.66599941253662,1.0729949474334717
0.04391002655029297,0.04503440856933594,0.005005598068237305,-5178.370221270668,15.311505,-2.9143279,-2.6060343,-19.063984,-146.19437,-22.047434,0.0032286688,66,-954.4153419139202,-1531.1505276679993,0.5731824551698557,10,2.9417875,18.949688,400.94682196214455,-1094.9989604949951,-2566.927085876465,1.0547982,-0.2941787838935852,-0.32199400663375854,0.0,0.00808476097881794,0.02781522274017334,96.03699970245361,1.0589985847473145
0.04199409484863281,0.054056644439697266,0.005993366241455078,-4056.2895090039815,16.29372,-2.942658,-2.619091,-19.569538,-146.16615,-22.623169,0.0022919616,67,-845.5721626492347,-1360.5257551670074,-0.07835646763765158,12,2.9301796,18.730993,703.2880764666822,-13.556656837463379,-2450.7481575012207,1.0482905,-0.2930179536342621,-0.3170386254787445,0.0,0.006755269598215818,0.024020671844482422,97.40199995040894,1.0779995918273926
0.0780034065246582,0.08199143409729004,0.0049932003021240234,-3021.551209632145,14.315592,-2.8689058,-2.5717583,-21.801823,-145.6163,-22.836939,0.0037582656,68,-891.7778696713851,-1431.5592175483703,0.4418567596599602,10,2.9108164,18.371792,190.48004990582098,-1201.7417221069336,-1732.394856452942,1.0376946,-0.29108166694641113,-0.3138048052787781,0.0,0.006488815415650606,0.022723138332366943,98.86799931526184,1.1529998779296875
0.053978681564331055,0.048970699310302734,0.004001140594482422,-3807.6221116639344,15.327997,-2.8665352,-2.5572934,-20.227938,-148.35092,-23.139694,0.0023688646,69,-960.255577945961,-1532.799730348587,0.7521354522326942,10,2.9028003,18.225111,359.71001209072716,-1125.9917182922363,-2189.0205459594727,1.033767,-0.29027995467185974,-0.32262346148490906,0.0,0.00781020475551486,0.032343506813049316,100.27299928665161,1.1329994201660156
0.039983510971069336,0.048985958099365234,0.004998683929443359,-3419.9338093460965,14.949455,-2.8869178,-2.5693789,-22.812225,-149.35265,-22.736504,0.002558718,70,-935.8205322643868,-1494.9454986572266,-0.23289730059410707,10,2.8877869,17.953531,252.12495154577158,-1133.1058588027954,-2009.4518995285034,1.0259533,-0.28877875208854675,-0.3174263536930084,0.0,0.00754375709220767,0.02864760160446167,101.64700174331665,1.0780029296875
0.04996609687805176,0.05797410011291504,0.0060007572174072266,-5186.74691328087,16.99332,-2.8610384,-2.563461,-21.341932,-148.40314,-22.113478,0.001500771,71,-1049.7125824519694,-1699.3320660591125,0.8261505056328532,10,2.892082,18.03081,278.7259004227724,-1326.2810020446777,-2166.3165283203125,1.028174,-0.28920823335647583,-0.30993950366973877,0.0,0.00878467783331871,0.02073127031326294,103.00299978256226,1.0829987525939941
0.06594061851501465,0.052030324935913086,0.004004716873168945,-9053.05272350022,17.751242,-2.8568833,-2.5712924,-24.143135,-154.35217,-22.421757,0.0008279927,72,-1067.526952029662,-1775.1243876934052,0.6786489914157918,10,2.858208,17.430264,507.98907580534774,-988.9857096672058,-2745.9113054275513,1.0110779,-0.285820871591568,-0.3103918433189392,0.0,0.009265247732400894,0.024570971727371216,104.3679986000061,1.0829997062683105
0.046956539154052734,0.049063682556152344,0.007987260818481445,-3514.471710417034,14.60868,-2.8547487,-2.5528965,-22.172619,-152.50018,-22.03135,0.005247189,73,-914.1272469070436,-1460.86795835495,-1.2896705727237272,10,2.858374,17.433159,307.1594014651794,-1049.1320185661316,-2129.6861066818237,1.0109594,-0.2858373522758484,-0.3073384761810303,0.0,0.0069071222096681595,0.021501123905181885,105.73500037193298,1.0879998207092285
0.04297447204589844,0.048011064529418945,0.00799703598022461,-7961.2607775074575,16.22488,-2.8468902,-2.5353334,-20.73725,-148.36371,-21.239517,0.004791545,74,-1012.2944705799849,-1622.48797454834,0.6900315522466227,10,2.8743818,17.71447,601.2794443893955,-940.9546389579773,-2663.378391265869,1.018902,-0.28743812441825867,-0.3053121268749237,0.0,0.009935935027897358,0.01787400245666504,107.09899878501892,1.0589971542358398
0.05700397491455078,0.05199003219604492,0.00700068473815918,-6716.658258038496,15.40278,-2.8841903,-2.5968428,-22.090767,-153.57285,-22.037422,0.0046318434,75,-949.0762880852938,-1540.2779723644258,0.7640082308697999,10,2.8586411,17.437815,420.77703893369613,-781.7784261703491,-2236.643041610718,1.011242,-0.2858641445636749,-0.3015534579753876,0.0,0.009256768971681595,0.015689313411712646,108.47899961471558,1.1050012111663818
0.08398604393005371,0.08599400520324707,0.009998798370361328,-6893.320366023103,18.10093,-2.8139122,-2.5101328,-19.09504,-162.82031,-22.990744,0.0037394997,76,-1112.3491393575227,-1810.0930347442627,0.8029344481612073,10,2.80859,16.586514,555.276538423199,-1107.3919715881348,-2757.21187210083,0.98648316,-0.2808590233325958,-0.30920374393463135,0.0,0.009449083358049393,0.028344720602035522,109.95000052452087,1.1640005111694336
0.03395676612854004,0.05702400207519531,0.006040334701538086,-10132.62097430165,15.967566,-2.8709173,-2.5406303,-23.461155,-161.50711,-22.88946,0.002757515,77,-984.4469829093974,-1596.756592798233,0.5055952439037471,10,2.810004,16.609985,503.39138556711333,-822.6126308441162,-2554.093825340271,0.98703575,-0.28100037574768066,-0.3082529604434967,0.0,0.006430666893720627,0.02725258469581604,111.3179988861084,1.070000410079956
0.04296135902404785,0.04796910285949707,0.006003141403198242,-4615.198374435527,15.985337,-2.7885506,-2.512078,-23.69684,-161.71822,-23.334417,0.0030036285,78,-991.0114549019208,-1598.5336500644685,-2.014601934246933,10,2.8142443,16.680565,337.8212955966127,-1097.8987050056458,-2230.0592460632324,0.9892135,-0.28142455220222473,-0.3076839745044708,0.0,0.009251837618649006,0.026259422302246094,112.6709988117218,1.0599944591522217
0.04702162742614746,0.04800748825073242,0.005997419357299805,-2731.37518169318,13.387482,-2.808353,-2.5035686,-21.049124,-163.9012,-23.832954,0.010497506,79,-767.5182125248175,-1218.2607763897288,-0.5818947591988204,11,2.8016436,16.471697,576.6190476050023,-11.813058853149414,-2414.0317697525024,0.98300123,-0.28016436100006104,-0.3042793273925781,0.0,0.006657831370830536,0.02411496639251709,114.0670006275177,1.085994005203247
0.03499555587768555,0.05798935890197754,0.009996652603149414,-3862.6439716596483,15.663989,-2.780489,-2.4919314,-19.173336,-164.7964,-24.17813,0.0026057553,80,-974.830888369855,-1566.3989699363708,-0.7337096643939927,10,2.8062656,16.548006,397.7799392510095,-1114.7174243927002,-2420.2625007629395,0.985496,-0.2806265950202942,-0.29677504301071167,0.0,0.005631878040730953,0.01614844799041748,115.44799971580505,1.0869998931884766
0.04491853713989258,0.049027442932128906,0.010018348693847656,-7035.043358728377,15.2996645,-2.7961202,-2.49794,-20.363554,-169.77298,-24.88756,0.00848194,81,-950.7947535313957,-1529.966345643997,0.6867822407270332,10,2.7899106,16.279564,492.07107313645906,-874.7268176078796,-2537.7023963928223,0.97782534,-0.27899113297462463,-0.30445486307144165,0.0,0.009893735870718956,0.025463730096817017,116.8199999332428,1.0969982147216797
0.04790353775024414,0.04805636405944824,0.010019779205322266,-5991.23376704853,16.199654,-2.7525804,-2.4491525,-19.675558,-179.67883,-27.575623,0.0055124843,82,-1006.7401045269107,-1619.9655354976653,0.5884469865012142,10,2.752144,15.676208,421.47199000177034,-895.0994348526001,-2367.9871892929077,0.95987195,-0.27521440386772156,-0.30170348286628723,0.0,0.007721898145973682,0.026489078998565674,118.20400190353394,1.08400297164917
0.0449671745300293,0.05003619194030762,0.0059967041015625,-5509.215932766291,15.189518,-2.7699244,-2.4644036,-20.141068,-179.66449,-27.50738,0.0023490656,83,-949.8123556133905,-1518.9516310214997,-0.0644908766232406,10,2.7592607,15.788166,281.90689223368645,-914.7654066085815,-1845.9838800430298,0.9635406,-0.27592602372169495,-0.30002227425575256,0.0,0.009398000314831734,0.024096250534057617,119.5579993724823,1.0750007629394531
0.038994550704956055,0.052040815353393555,0.006970643997192383,-4698.561452351983,16.442205,-2.7467673,-2.4534478,-19.920732,-182.27994,-28.40842,0.0008864638,84,-927.4685537794107,-1496.2409476800399,0.6928530870731759,11,2.7532618,15.693738,618.4363037927744,-12.670703887939453,-2531.1398601531982,0.9608225,-0.2753261923789978,-0.31299522519111633,0.0,0.007159735541790724,0.03766903281211853,120.91700148582458,1.065002202987671
0.04295611381530762,0.050011634826660156,0.011026144027709961,-4601.207433410181,17.568155,-2.7627783,-2.4682548,-18.68846,-183.39644,-28.868757,0.00081110105,85,-992.0876111983024,-1598.7020015716553,0.5740739655015512,11,2.7521083,15.675647,668.6076578227493,-15.46569538116455,-2622.2910804748535,0.9604184,-0.2752108871936798,-0.30327466130256653,0.0,0.009081157855689526,0.02806377410888672,122.3089988231659,1.089998722076416
0.03894162178039551,0.05196237564086914,0.004999637603759766,-4105.888292270518,16.64899,-2.712974,-2.4326758,-17.829304,-178.13931,-28.009094,0.003848559,86,-1025.7731447936683,-1664.8989389896392,0.7635792983335365,10,2.7629,15.845731,394.6685785727869,-949.6378993988037,-2209.9219541549683,0.96504015,-0.2762899696826935,-0.2973783016204834,0.0,0.007130438927561045,0.021088331937789917,123.67400002479553,1.0690007209777832
0.07697510719299316,0.04495739936828613,0.005018472671508789,-4590.933570321785,17.072542,-2.7517748,-2.4292,-19.451365,-179.66435,-27.891203,0.0064400793,87,-1080.7052888840012,-1707.2543856143952,0.8635527970236307,10,2.7442207,15.552489,438.5139469652794,-988.9393582344055,-2680.0907344818115,0.95584536,-0.2744220495223999,-0.2959919571876526,0.0,0.00867301132529974,0.021569907665252686,125.04399967193604,1.1010000705718994
0.05898427963256836,0.04297614097595215,0.007000923156738281,-2841.859883050901,16.212624,-2.7614326,-2.4371543,-20.873135,-177.43298,-28.17329,0.0010000891,88,-1024.2749356649715,-1621.2623080253602,0.4602246644496206,10,2.7394917,15.4791155,337.98415927511695,-956.5627555847168,-2284.2514724731445,0.9530459,-0.2739492654800415,-0.3034420907497406,0.0,0.007073766551911831,0.029492825269699097,126.40100002288818,1.0829977989196777
0.03599143028259277,0.05298328399658203,0.006986379623413086,-1411.621740634915,16.76707,-2.773536,-2.4468555,-22.582644,-178.55763,-28.781015,0.0027088865,89,-1054.0073051052625,-1676.7070478439332,-0.6119880987069746,10,2.7620006,15.831483,528.250919983234,-1214.101501941681,-2888.369987487793,0.9645009,-0.27619999647140503,-0.29820311069488525,0.0,0.00880894809961319,0.022003114223480225,127.7739999294281,1.0589923858642578
0.04996466636657715,0.04406452178955078,0.006016969680786133,-4840.450524832608,14.670256,-2.7475479,-2.4278252,-24.743698,-186.48392,-30.147076,0.0019141734,90,-922.0204682968731,-1467.0256237983704,-1.0276143346063273,10,2.7540357,15.705889,366.5883723109257,-1013.2284088134766,-2270.322723388672,0.9618196,-0.2754034996032715,-0.2951489984989166,0.0,0.006971228867769241,0.01974549889564514,129.15400052070618,1.0629968643188477
0.040941476821899414,0.057031869888305664,0.00799417495727539,-5649.378431321876,16.546328,-2.7375548,-2.4013305,-21.753153,-195.05966,-31.650307,0.00196577,91,-1031.4891400267015,-1654.6327230453492,0.8127418962103251,10,2.720318,15.185151,436.39922396931144,-1080.112675666809,-2433.5503005981445,0.9461527,-0.27203187346458435,-0.29790234565734863,0.0,0.009861478582024574,0.025870472192764282,130.52099990844727,1.0639970302581787
0.05603981018066406,0.04201507568359375,0.003998756408691406,-2737.6221626176207,13.712641,-2.7606065,-2.4187784,-22.760231,-187.63051,-30.401842,0.0014702034,92,-869.1629267709526,-1371.2639566898347,0.13334412818460883,10,2.7669406,15.909884,239.50925281295622,-1052.9057636260986,-1781.041319847107,0.96880186,-0.27669405937194824,-0.2963639497756958,0.0,0.006969866808503866,0.01966989040374756,131.87299990653992,1.0780014991760254
0.04694533348083496,0.04500460624694824,0.0039980411529541016,-4333.56432320141,15.711765,-2.7038388,-2.405057,-22.076721,-191.11314,-30.895842,0.0012003918,93,-990.4987063470078,-1571.1765831470489,0.8099726745215134,10,2.7371254,15.44253,341.8866082687149,-1197.3285217285156,-2447.7693939208984,0.9539928,-0.2737126350402832,-0.2959265410900116,0.0,0.0069408598355948925,0.022213906049728394,133.2469985485077,1.0609965324401855
0.044019222259521484,0.04796743392944336,0.007003307342529297,-6650.966308653209,16.678123,-2.7099693,-2.367226,-23.841269,-195.02109,-31.160147,0.00026290189,94,-950.528879130428,-1517.7092476324601,0.8650716005506609,11,2.7271106,15.288649,620.732568105617,-8.95416259765625,-2352.7242307662964,0.9496919,-0.27271100878715515,-0.2917514443397522,0.0,0.007122511509805918,0.019040435552597046,134.63899993896484,1.0930006504058838
0.04097890853881836,0.04702496528625488,0.005991458892822266,-3911.214232631011,15.935376,-2.6784844,-2.381699,-22.463207,-203.56006,-32.126183,0.003585564,95,-995.3512684117374,-1593.537593460083,0.12654311637060145,10,2.6864078,14.678852,444.8809889386876,-1044.4270596504211,-2566.6005535125732,0.93077123,-0.26864075660705566,-0.30914849042892456,0.0,0.007102892734110355,0.040507733821868896,135.99100017547607,1.0519993305206299
0.03998064994812012,0.0469663143157959,0.0070056915283203125,-6139.060166850341,15.343123,-2.6598945,-2.3682618,-25.28335,-200.27814,-31.386223,0.00019238539,96,-951.190328025202,-1534.3123002052307,0.7183222148116575,10,2.691606,14.755355,309.3672596507839,-1003.1776876449585,-2271.504695892334,0.9327573,-0.26916053891181946,-0.29459303617477417,0.0,0.008189337328076363,0.025432497262954712,137.38199996948242,1.0659949779510498
0.04199671745300293,0.050981760025024414,0.0069980621337890625,-3739.0839542096774,14.915851,-2.5929544,-2.2921114,-25.709759,-202.69872,-31.373798,0.0048952987,97,-934.8993811611141,-1491.58502266407,-1.2826931259109764,10,2.665134,14.369874,511.249793330251,-753.0792853832245,-2495.24107170105,0.91997445,-0.2665134370326996,-0.2848101556301117,0.0,0.0074561103247106075,0.01829671859741211,138.7530002593994,1.0930004119873047
0.04596900939941406,0.04902482032775879,0.004991292953491211,-6343.43207815481,15.063789,-2.6263313,-2.3396611,-23.184795,-201.25426,-30.36879,0.006294506,98,-936.1009015885904,-1506.3788667678832,0.8740589510014646,10,2.664229,14.356874,504.94648653898554,-752.4309296607971,-2391.7616577148438,0.91937774,-0.266422837972641,-0.28365540504455566,0.0,0.007211558520793915,0.017232567071914673,140.12999987602234,1.078998327255249
0.04695582389831543,0.04300808906555176,0.0069997310638427734,-2511.2119327516607,14.271268,-2.6649432,-2.3502104,-22.821415,-204.44057,-31.323511,0.0020754857,99,-907.9786441319495,-1427.1267496585847,-0.23728580932974808,10,2.6582167,14.270818,422.4101122845623,-967.7864804267883,-2498.2028102874756,0.91690296,-0.2658216655254364,-0.287972092628479,0.0,0.007440342102199793,0.022150427103042603,141.5010004043579,1.0729985237121582
